,sector,pair,ETF1,ETF2,adf_stat,p_value
0,Financials,XLF & IYF,XLF,IYF,-4.143758856486856,0.004431626543593721
1,Utilities,XLU & VPU,XLU,VPU,-4.001869932012083,0.007137343893869996
