n_trades,win_rate,avg_trade_return,med_trade_return,std_trade_return,expectancy,avg_holding
5,0.8,0.0030919688199176456,0.004649252489204558,0.014177162377087311,0.0030919688199176456,14.2
