n_trades,win_rate,avg_trade_return,med_trade_return,std_trade_return,expectancy,avg_holding
5,0.6,0.004253863787194989,0.006596855877247343,0.008521268344429341,0.004253863787194989,21.0
