n_trades,win_rate,avg_trade_return,med_trade_return,std_trade_return,expectancy,avg_holding
6,1.0,0.004304347328134302,0.003813982499813573,0.003358290044055971,0.004304347328134302,11.0
12,0.8333333333333334,0.003012465567709788,0.002834489734985679,0.005979608229161628,0.003012465567709788,8.583333333333334
30,0.6666666666666666,0.0005544351291252636,0.0013081307783934237,0.003997995107252576,0.0005544351291252636,4.866666666666666
24,0.7916666666666666,0.0005094004835051827,0.0009520571958840929,0.002206808096085878,0.0005094004835051827,4.75
